web-scraper-order,web-scraper-start-url,Item,Cost,Date(s) Offered
1637337253-1196,https://warframe.fandom.com/wiki/Baro_Ki'Teer,Ki'teer Sekhara,"200,000 Credits 200,000 + 400 Ducats 400","2016-08-12
2016-11-04
2017-05-05
2017-10-06
2018-02-23
2018-06-15
2018-10-05
2019-01-11
2019-04-19
2019-08-30
2020-01-03
2020-05-22
2020-08-28
2021-01-15
2021-06-18"
1637337253-1268,https://warframe.fandom.com/wiki/Baro_Ki'Teer,Primed Fever Strike,"200,000 Credits 200,000 + 350 Ducats 350","2017-11-17
2018-04-06
2018-09-07
2018-12-28
2019-03-08
2019-06-28
2019-10-25
2020-03-27
2020-10-09
2021-04-09
2021-11-05"
1637337253-1306,https://warframe.fandom.com/wiki/Baro_Ki'Teer,Cookie Kavat Glyph,"50,000 Credits 50,000 + 80 Ducats 80","2018-11-30
2018-12-14
2018-12-28
2019-12-06
2019-12-20
2020-12-04
2020-12-18"
1637337253-1361,https://warframe.fandom.com/wiki/Baro_Ki'Teer,Primed Cleanse Grineer,"140,000 Credits 140,000 + 350 Ducats 350","2020-05-08
2020-12-04
2021-06-18"
1637337253-1347,https://warframe.fandom.com/wiki/Baro_Ki'Teer,Primed Smite Grineer,"140,000 Credits 140,000 + 350 Ducats 350","2019-12-20
2020-07-17
2021-01-29
2021-08-13"
1637337253-1181,https://warframe.fandom.com/wiki/Baro_Ki'Teer,Prisma Daedalus Chest Plate,"100,000 Credits 100,000 + 150 Ducats 150","2015-05-01
2015-09-04
2016-04-22
2016-08-26
2016-12-30
2017-05-19
2017-10-06
2018-04-06
2018-06-01
2018-09-21
2018-12-28
2019-04-19
2019-08-02
2019-11-22
2019-12-06
2020-04-10
2020-08-14
2020-12-18
2021-04-23
2021-09-10"
1637337253-1363,https://warframe.fandom.com/wiki/Baro_Ki'Teer,Primed Cleanse Corrupted,"140,000 Credits 140,000 + 350 Ducats 350","2020-05-08
2020-11-20
2021-05-07"
1637337253-1301,https://warframe.fandom.com/wiki/Baro_Ki'Teer,Harkonar Wraith Cloak,"500,000 Credits 500,000 + 400 Ducats 400","2018-10-05
2019-02-08
2019-05-17
2019-09-13
2020-01-17
2020-05-22
2020-09-25
2021-01-29
2021-06-18
2021-11-05"
1637337253-1313,https://warframe.fandom.com/wiki/Baro_Ki'Teer,Mahd Luxxum Ornament,"100,000 Credits 100,000 + 100 Ducats 100","2019-09-13
2020-01-31
2020-05-08
2020-10-09
2021-03-12
2021-09-10"
1637337253-1284,https://warframe.fandom.com/wiki/Baro_Ki'Teer,5 x Corrupted Heavy Gunner Specter,"40,000 Credits 40,000 + 100 Ducats 100","2018-05-04
2018-09-07
2018-12-28
2019-05-17
2019-08-16
2019-12-06
2020-04-10
2020-08-14
2020-12-04
2021-01-01
2021-05-07
2021-09-10"
1637337253-1330,https://warframe.fandom.com/wiki/Baro_Ki'Teer,Bronze Kavat Bust,"250,000 Credits 250,000 + 220 Ducats 220","2019-07-19
2020-01-17
2020-06-05
2020-11-06
2021-04-09
2021-04-23
2021-09-24"
1637337253-1343,https://warframe.fandom.com/wiki/Baro_Ki'Teer,Primed Smite Infested,"140,000 Credits 140,000 + 350 Ducats 350","2019-12-20
2020-07-17
2021-08-13"
1637337253-1131,https://warframe.fandom.com/wiki/Baro_Ki'Teer,Primed Point Blank,"110,000 Credits 110,000 + 300 Ducats 300","2014-12-26
2015-08-21
2015-12-25
2016-06-03
2016-06-17
2016-12-16
2017-05-05
2017-09-22
2018-02-23
2018-07-13
2018-11-30
2019-05-03
2019-08-30
2019-12-06
2020-06-19
2021-01-01
2021-07-16"
1637337253-1323,https://warframe.fandom.com/wiki/Baro_Ki'Teer,Prisma Avia Chest Plate,"220,000 Credits 220,000 + 250 Ducats 250","2019-04-19
2019-08-16
2019-12-20
2020-04-24
2020-08-28
2021-01-15
2021-05-21
2021-10-22"
1637337253-1383,https://warframe.fandom.com/wiki/Baro_Ki'Teer,Left Prisma Latron Shoulder Plate,"220,000 Credits 220,000 + 325 Ducats 325","2020-01-31
2020-06-05
2020-10-09
2021-02-26
2021-07-16
2021-11-19"
1637337253-1180,https://warframe.fandom.com/wiki/Baro_Ki'Teer,Prisma Grakata,"100,000 Credits 100,000 + 610 Ducats 610","2015-06-12
2015-10-30
2016-05-06
2016-10-21
2016-12-02
2017-04-07
2017-09-22
2018-01-26
2018-06-15
2018-11-16
2019-04-05
2019-08-16
2019-12-06
2020-03-27
2020-07-17
2021-01-01
2021-05-21
2021-09-24"
1637337253-1303,https://warframe.fandom.com/wiki/Baro_Ki'Teer,Primed Expel Corrupted,"140,000 Credits 140,000 + 350 Ducats 350","2018-10-05
2019-02-08
2019-06-28
2019-11-08
2020-04-24
2020-11-06
2021-05-21"
1637337253-1188,https://warframe.fandom.com/wiki/Baro_Ki'Teer,Prisma Tetra,"50,000 Credits 50,000 + 400 Ducats 400","2015-08-07
2016-04-08
2016-08-12
2016-11-18
2017-03-10
2017-08-11
2017-12-29
2018-05-18
2018-10-05
2019-01-11
2019-05-03
2019-09-13
2020-01-17
2020-05-08
2020-08-28
2021-01-15
2021-05-21
2021-10-08"
1637337253-1273,https://warframe.fandom.com/wiki/Baro_Ki'Teer,Prisma Twin Gremlins,"220,000 Credits 220,000 + 500 Ducats 500","2018-08-24
2018-12-14
2019-03-22
2019-06-28
2019-11-22
2020-03-27
2020-07-31
2020-12-18
2021-05-07
2021-09-24"
1637337253-1292,https://warframe.fandom.com/wiki/Baro_Ki'Teer,Supra Vandal,"275,000 Credits 275,000 + 500 Ducats 500","2018-04-20
2018-09-21
2019-01-11
2019-04-19
2019-08-30
2019-12-20
2020-04-24
2020-08-14
2021-01-15
2021-06-04
2021-11-19"
1637337253-1321,https://warframe.fandom.com/wiki/Baro_Ki'Teer,Dvad Luxxum Ornament,"100,000 Credits 100,000 + 100 Ducats 100","2019-09-27
2020-01-31
2020-05-22
2020-11-20
2021-05-07"
1637337253-1205,https://warframe.fandom.com/wiki/Baro_Ki'Teer,Collision Force,"250,000 Credits 250,000 + 400 Ducats 400","2016-02-26
2016-07-29
2016-11-04
2017-03-10
2017-07-28
2017-12-01
2018-05-04
2018-09-21
2019-04-05
2019-08-16
2020-01-17
2020-08-28
2021-03-12
2021-10-22"
1637337253-1342,https://warframe.fandom.com/wiki/Baro_Ki'Teer,Diriga Desert-Camo Skin,"150,000 Credits 150,000 + 225 Ducats 225","2019-05-31
2019-10-25
2020-02-14
2020-06-19
2020-09-25
2021-01-15
2021-05-21
2021-10-08"
1637337253-1236,https://warframe.fandom.com/wiki/Baro_Ki'Teer,Volcanic Edge,"150,000 Credits 150,000 + 300 Ducats 300","2017-10-06
2018-02-09
2018-06-15
2018-11-02
2019-02-22
2019-06-14
2019-10-11
2020-04-10
2020-11-20
2021-06-04"
1637337253-1369,https://warframe.fandom.com/wiki/Baro_Ki'Teer,Ki'teer Domestik Drone,"500,000 Credits 500,000 + 700 Ducats 700","2020-04-24
2020-07-31
2020-12-04
2021-04-23
2021-09-24"
1637337253-1371,https://warframe.fandom.com/wiki/Baro_Ki'Teer,Lotus Ephemera,"450,000 Credits 450,000 + 250 Ducats 250","2020-07-31
2020-12-18
2021-06-04
2021-10-08"
1637337253-1244,https://warframe.fandom.com/wiki/Baro_Ki'Teer,Ki'teer Razza Syandana,"350,000 Credits 350,000 + 400 Ducats 400","2017-04-07
2017-09-08
2018-01-26
2018-05-04
2018-08-24
2018-12-28
2019-04-05
2019-08-16
2019-12-06
2020-03-13
2020-07-17
2021-01-01
2021-01-15
2021-05-21
2021-09-24"
1637337253-1199,https://warframe.fandom.com/wiki/Baro_Ki'Teer,Ki'teer Diax Syandana,"450,000 Credits 450,000 + 325 Ducats 325","2016-07-01
2016-11-04
2017-02-24
2017-07-14
2017-11-17
2018-03-23
2018-07-27
2018-12-14
2019-03-22
2019-07-19
2019-10-25
2020-02-14
2020-06-19
2020-10-09
2021-02-12
2021-07-16
2021-10-22"
1637337253-1304,https://warframe.fandom.com/wiki/Baro_Ki'Teer,Prisma Uru Syandana,"275,000 Credits 275,000 + 350 Ducats 350","2018-07-13
2018-11-16
2019-03-08
2019-06-14
2019-09-27
2020-01-31
2020-05-22
2020-09-25
2021-02-26
2021-07-30"
1637337253-1203,https://warframe.fandom.com/wiki/Baro_Ki'Teer,3 Day Resource Booster,"150,000 Credits 150,000 + 400 Ducats 400","2016-01-22
2016-02-12
2016-02-26
2016-03-25
2016-04-22
2016-05-20
2016-06-17
2016-07-15
2016-10-07
2016-12-30
2017-02-10
2017-05-05
2017-08-11
2017-11-17
2018-03-23
2018-10-05
2019-01-11
2019-05-31
2019-09-27
2019-11-22
2020-01-31
2020-05-08
2020-08-28
2021-01-01
2021-04-09
2021-08-27"
1637337253-1285,https://warframe.fandom.com/wiki/Baro_Ki'Teer,Opticor Elixis Skin,"250,000 Credits 250,000 + 325 Ducats 325","2018-05-18
2018-09-21
2019-01-11
2019-04-05
2019-10-25
2020-03-27
2020-07-03
2020-11-06
2021-03-26
2021-07-16
2021-10-22"
1637337253-1319,https://warframe.fandom.com/wiki/Baro_Ki'Teer,Primed Smite Corpus,"140,000 Credits 140,000 + 350 Ducats 350","2019-12-20
2020-07-17
2021-01-29
2021-08-13"
1637337253-1283,https://warframe.fandom.com/wiki/Baro_Ki'Teer,Ki'teer Atmos Diadem,"375,000 Credits 375,000 + 525 Ducats 525","2018-01-26
2018-05-18
2018-09-07
2018-12-14
2019-03-22
2019-07-19
2020-01-31
2020-04-24
2020-08-14
2020-12-04
2021-04-23
2021-08-27
2021-11-19"
1637337253-1193,https://warframe.fandom.com/wiki/Baro_Ki'Teer,Pedestal Prime,"1,000,000 Credits 1,000,000","2016-11-04
2017-03-24
2017-12-29
2018-07-13
2018-10-05
2019-12-20
2020-05-22
2020-10-09
2021-03-26
2021-09-10"
1637337253-1336,https://warframe.fandom.com/wiki/Baro_Ki'Teer,Zag Luxxum Ornament,"100,000 Credits 100,000 + 100 Ducats 100","2019-09-27
2020-01-31
2020-05-22
2020-11-20
2021-03-12"
1637337253-1256,https://warframe.fandom.com/wiki/Baro_Ki'Teer,Anpu Staff Skin,"250,000 Credits 250,000 + 325 Ducats 325","2017-11-03
2018-03-09
2018-06-29
2018-11-16
2019-02-22
2019-06-28
2019-10-25
2020-04-10
2020-08-14
2020-11-20
2020-12-04
2021-05-07
2021-09-10"
1637337253-1311,https://warframe.fandom.com/wiki/Baro_Ki'Teer,Ki'teer Atmos Oculus,"375,000 Credits 375,000 + 525 Ducats 525","2018-06-15
2018-10-19
2019-01-25
2019-05-03
2019-10-11
2020-02-14
2020-06-05
2020-09-11
2021-02-12
2021-07-30"
1637337253-1134,https://warframe.fandom.com/wiki/Baro_Ki'Teer,Mara Detron,"200,000 Credits 200,000 + 500 Ducats 500","2014-12-12
2015-05-15
2016-02-26
2016-11-04
2017-02-10
2017-07-14
2017-11-17
2018-04-06
2018-08-24
2018-12-28
2019-04-05
2019-08-16
2019-11-22
2020-03-27
2020-07-17
2020-12-04
2021-04-23
2021-08-27"
1637337253-1365,https://warframe.fandom.com/wiki/Baro_Ki'Teer,Limbo Immortal Skin,"100,000 Credits 100,000 + 550 Ducats 550","2020-01-17
2020-04-24
2020-07-31
2020-11-20
2021-03-26
2021-07-30"
1637337253-1168,https://warframe.fandom.com/wiki/Baro_Ki'Teer,Left Eos Prime Spurs,"50,000 Credits 50,000 + 65 Ducats 65","2015-01-09
2015-03-20
2016-02-12
2016-07-15
2016-11-04
2017-03-10
2017-07-28
2017-12-01
2018-04-06
2018-07-27
2018-11-02
2019-02-22
2019-05-31
2019-09-27
2020-02-14
2020-06-19
2020-10-23
2021-03-12
2021-07-30"
1637337253-1296,https://warframe.fandom.com/wiki/Baro_Ki'Teer,Mirage Immortal Skin,"100,000 Credits 100,000 + 550 Ducats 550","2018-09-07
2018-12-28
2019-04-05
2019-08-02
2019-12-20
2020-04-10
2020-09-11
2021-01-15
2021-06-04
2021-10-22"
1637337253-1144,https://warframe.fandom.com/wiki/Baro_Ki'Teer,Fanged Fusillade,"150,000 Credits 150,000 + 375 Ducats 375","2015-09-18
2016-03-11
2016-07-29
2016-09-09
2017-01-13
2017-04-21
2017-09-08
2018-01-26
2018-06-29
2018-11-16
2019-03-22
2019-08-02
2019-11-22
2020-04-10
2020-10-23
2021-04-09
2021-11-19"
1637337253-1278,https://warframe.fandom.com/wiki/Baro_Ki'Teer,Orokin Tower Extraction Scene,"175,000 Credits 175,000 + 325 Ducats 325","2018-03-23
2018-08-10
2018-12-14
2019-04-05
2019-08-02
2019-10-25
2020-01-03
2020-05-08
2020-09-25
2021-03-26
2021-08-27"
1637337253-1294,https://warframe.fandom.com/wiki/Baro_Ki'Teer,Primed Quickdraw,"120,000 Credits 120,000 + 375 Ducats 375","2018-07-27
2018-11-02
2019-03-22
2019-06-28
2019-07-19
2019-10-25
2020-05-22
2020-12-18
2021-06-18"
1637337253-1327,https://warframe.fandom.com/wiki/Baro_Ki'Teer,Ignis Towsun Skin,"300,000 Credits 300,000 + 300 Ducats 300","2019-09-13
2019-12-20
2020-05-22
2020-09-25
2021-07-30"
1637337253-1164,https://warframe.fandom.com/wiki/Baro_Ki'Teer,Dark Sword Day of the Dead Skin,"250,000 Credits 250,000 + 320 Ducats 320","2015-10-30
2016-10-21
2017-10-06
2017-10-20
2018-10-05
2018-10-19
2019-10-11
2019-10-25
2020-10-09
2020-10-23
2021-10-08
2021-10-22"
1637337253-1337,https://warframe.fandom.com/wiki/Baro_Ki'Teer,Vez Luxxum Ornament,"100,000 Credits 100,000 + 100 Ducats 100","2019-12-06
2020-04-10
2020-09-11
2021-01-15
2021-07-02"
1637337253-1307,https://warframe.fandom.com/wiki/Baro_Ki'Teer,Noggle Statue - Excalibur with Odonata,"200,000 Credits 200,000 + 90 Ducats 90","2018-04-06
2018-08-24
2018-12-28
2019-04-19
2019-08-16
2020-01-17
2020-06-05
2020-10-23
2021-04-09
2021-08-27"
1637337253-1329,https://warframe.fandom.com/wiki/Baro_Ki'Teer,Prisma Avia Ankle Plate,"175,000 Credits 175,000 + 225 Ducats 225","2019-05-17
2019-08-16
2019-12-20
2020-04-24
2020-08-28
2021-01-15
2021-05-21
2021-10-22"
1637337253-1317,https://warframe.fandom.com/wiki/Baro_Ki'Teer,Prisma Kavat Glyph,"50,000 Credits 50,000 + 80 Ducats 80","2019-02-08
2019-05-31
2019-11-08
2020-03-13
2020-07-03
2020-07-31
2021-01-01
2021-06-04"
1637337253-1149,https://warframe.fandom.com/wiki/Baro_Ki'Teer,Liset Prisma Skin,"150,000 Credits 150,000 + 120 Ducats 120","2015-03-06
2015-07-24
2016-03-25
2016-09-09
2016-12-30
2017-05-05
2017-09-22
2018-01-26
2018-05-04
2018-09-07
2019-01-11
2019-04-05
2019-07-19
2020-01-31
2020-05-08
2020-10-23
2021-03-26
2021-10-22"
1637337253-1325,https://warframe.fandom.com/wiki/Baro_Ki'Teer,Sima Luxxum Ornament,"100,000 Credits 100,000 + 100 Ducats 100","2019-12-06
2020-04-10
2020-09-25
2021-02-26
2021-08-27"
1637337253-1161,https://warframe.fandom.com/wiki/Baro_Ki'Teer,Primed Shotgun Ammo Mutation,"140,000 Credits 140,000 + 400 Ducats 400","2015-11-13
2016-07-01
2016-10-07
2017-02-10
2017-06-16
2017-11-03
2018-04-06
2018-08-24
2019-01-11
2019-05-17
2019-09-13
2020-02-14
2020-07-31
2021-02-12
2021-08-27"
1637337253-1250,https://warframe.fandom.com/wiki/Baro_Ki'Teer,Kavat Sentinel Wings,"250,000 Credits 250,000 + 400 Ducats 400","2017-12-15
2018-04-20
2018-08-24
2018-12-14
2019-03-22
2019-04-19
2019-08-16
2019-12-20
2020-03-13
2020-07-03
2020-10-23
2021-03-26
2021-07-30"
1637337253-1310,https://warframe.fandom.com/wiki/Baro_Ki'Teer,Tenno Kindred Rug,"100,000 Credits 100,000 + 225 Ducats 225","2018-12-14
2019-03-22
2019-11-22
2020-03-27
2020-08-28
2021-01-15
2021-06-18
2021-11-05"
1637337253-1192,https://warframe.fandom.com/wiki/Baro_Ki'Teer,Ki'teer Arrow Skin,"300,000 Credits 300,000 + 375 Ducats 375","2016-04-22
2016-11-04
2017-02-24
2017-07-14
2017-11-17
2018-03-23
2018-07-13
2018-11-16
2019-03-08
2019-06-28
2019-12-20
2020-04-10
2020-09-11
2021-01-15
2021-06-04
2021-10-08"
1637337253-1308,https://warframe.fandom.com/wiki/Baro_Ki'Teer,Glaring Sigil,"45,000 Credits 45,000 + 55 Ducats 55","2018-06-01
2018-10-05
2019-01-25
2019-05-17
2019-10-11
2020-01-31
2020-06-19
2020-11-06
2021-03-12
2021-08-13"
1637337253-1282,https://warframe.fandom.com/wiki/Baro_Ki'Teer,Axi V8 Relic,"55,000 Credits 55,000 + 125 Ducats 125","2018-03-09
2018-06-29
2020-09-11
2021-01-15
2021-05-21
2021-10-08"
1637337253-1156,https://warframe.fandom.com/wiki/Baro_Ki'Teer,Astral Twilight,"175,000 Credits 175,000 + 385 Ducats 385","2015-10-02
2016-05-06
2016-09-23
2016-10-07
2017-01-27
2017-04-21
2017-09-08
2018-01-26
2018-06-29
2018-11-16
2019-03-22
2019-08-02
2019-11-22
2020-06-05
2020-11-06
2021-05-07"
1637337253-1207,https://warframe.fandom.com/wiki/Baro_Ki'Teer,Dragon Mod Pack,"100,000 Credits 100,000 + 500 Ducats 500","2016-07-15
2016-10-21
2016-12-16
2017-03-10
2017-05-19
2017-12-29
2018-05-04
2018-08-24
2018-10-19
2019-01-25"
1637337253-1177,https://warframe.fandom.com/wiki/Baro_Ki'Teer,Prisma Shade,"300,000 Credits 300,000 + 500 Ducats 500","2015-08-21
2016-05-06
2016-08-12
2016-11-04
2017-04-07
2017-08-25
2018-01-12
2018-05-18
2018-09-07
2018-12-28
2019-03-22
2019-05-03
2019-08-30
2020-01-03
2020-04-24
2020-08-14
2020-12-04
2021-05-07
2021-09-24
2021-11-05"
1637337253-1147,https://warframe.fandom.com/wiki/Baro_Ki'Teer,Primed Fast Hands,"120,000 Credits 120,000 + 375 Ducats 375","2015-01-09
2015-03-20
2015-12-11
2016-06-17
2016-12-16
2017-05-05
2017-09-22
2018-02-23
2018-07-13
2018-11-30
2019-05-03
2019-08-30
2019-12-06
2020-06-19
2021-01-01
2021-07-02"
1637337253-1276,https://warframe.fandom.com/wiki/Baro_Ki'Teer,Prisma Rostam Kubrow Armor,"175,000 Credits 175,000 + 400 Ducats 400","2018-12-28
2019-04-05
2019-08-02
2019-12-20
2020-05-08
2020-08-28
2021-01-01
2021-05-07
2021-09-10"
1637337253-1275,https://warframe.fandom.com/wiki/Baro_Ki'Teer,Tigris Elixis Skin,"275,000 Credits 275,000 + 300 Ducats 300","2018-11-30
2019-03-08
2019-06-28
2019-07-19
2019-12-06
2020-04-24
2020-09-11
2021-02-12
2021-06-18
2021-10-08"
1637337253-1339,https://warframe.fandom.com/wiki/Baro_Ki'Teer,Coccyst Sugatra,"200,000 Credits 200,000 + 250 Ducats 250","2019-01-11
2019-04-19
2019-10-11
2020-01-31
2020-06-05
2020-10-09
2021-02-12
2021-07-02"
1637337253-1344,https://warframe.fandom.com/wiki/Baro_Ki'Teer,Prisma Kubrow Glyph,"50,000 Credits 50,000 + 80 Ducats 80","2019-02-08
2019-05-31
2019-11-08
2020-03-13
2020-07-17
2021-01-01
2021-06-18
2021-11-05"
1637337253-1233,https://warframe.fandom.com/wiki/Baro_Ki'Teer,Ki'teer Sentinel Mask,"200,000 Credits 200,000 + 500 Ducats 500","2016-03-11
2016-09-09
2017-01-27
2017-06-30
2017-12-29
2018-03-23
2018-07-13
2018-11-02
2019-01-25
2019-03-08
2019-06-14
2019-10-11
2020-01-17
2020-06-05
2020-09-11
2021-01-29
2021-06-04
2021-09-24"
1637337253-1362,https://warframe.fandom.com/wiki/Baro_Ki'Teer,Ki'teer Ephemera,"150,000 Credits 150,000 + 100 Ducats 100","2020-03-13
2020-07-03
2020-11-20
2021-03-26
2021-08-13"
1637337253-1358,https://warframe.fandom.com/wiki/Baro_Ki'Teer,Prisma Latron Chest Plate,"200,000 Credits 200,000 + 275 Ducats 275","2020-02-28
2020-06-05
2020-10-09
2021-02-26
2021-07-16
2021-11-19"
1637337253-1309,https://warframe.fandom.com/wiki/Baro_Ki'Teer,Gorgon Towsun Skin,"300,000 Credits 300,000 + 300 Ducats 300","2018-06-29
2018-11-02
2019-02-08
2019-06-14
2019-10-25
2020-03-13
2020-07-03
2020-10-23
2021-02-26
2021-07-16
2021-11-05"
1637337253-1251,https://warframe.fandom.com/wiki/Baro_Ki'Teer,Display - Argyle,"75,000 Credits 75,000 + 100 Ducats 100","2017-09-08
2018-01-12
2018-05-18
2018-09-21
2019-01-11
2019-04-19
2019-12-06
2020-03-13
2020-07-17
2020-11-20
2021-03-12
2021-08-13"
1637337253-1201,https://warframe.fandom.com/wiki/Baro_Ki'Teer,Primed Bane of Infested,"140,000 Credits 140,000 + 400 Ducats 400","2016-01-08
2016-07-15
2016-10-21
2017-02-24
2017-06-30
2017-11-17
2018-04-20
2018-09-07
2019-01-25
2019-05-31
2019-09-27
2020-03-13
2020-09-25
2021-03-26"
1637337253-1326,https://warframe.fandom.com/wiki/Baro_Ki'Teer,Prisma Lotus Glyph,"50,000 Credits 50,000 + 80 Ducats 80","2019-06-14
2019-11-08
2020-03-27
2020-08-28
2021-01-15
2021-07-16"
1637337253-1146,https://warframe.fandom.com/wiki/Baro_Ki'Teer,Primed Target Cracker,"150,000 Credits 150,000 + 400 Ducats 400","2015-10-30
2016-06-03
2016-09-23
2016-10-07
2017-02-10
2017-06-16
2017-11-03
2018-03-23
2018-07-27
2018-12-28
2019-05-17
2019-10-11
2020-02-28
2020-10-09
2021-04-23"
1637337253-1318,https://warframe.fandom.com/wiki/Baro_Ki'Teer,Asra Luxxum Ornament,"100,000 Credits 100,000 + 100 Ducats 100","2019-10-25
2020-02-28
2020-12-04
2021-07-02"
1637337253-1291,https://warframe.fandom.com/wiki/Baro_Ki'Teer,Primed Expel Infested,"140,000 Credits 140,000 + 350 Ducats 350","2018-10-05
2019-02-08
2019-06-28
2019-11-08
2020-04-24
2020-11-06
2021-06-04"
1637337253-1382,https://warframe.fandom.com/wiki/Baro_Ki'Teer,Parazon Poster,"125,000 Credits 125,000 + 100 Ducats 100","2020-01-03
2020-05-08
2020-10-09
2021-02-26
2021-07-30"
1637337253-1272,https://warframe.fandom.com/wiki/Baro_Ki'Teer,Neo O1 Relic,"55,000 Credits 55,000 + 125 Ducats 125","2018-03-09
2018-06-29
2021-06-04
2021-10-22"
1637337253-1264,https://warframe.fandom.com/wiki/Baro_Ki'Teer,Zephyr Immortal Skin,"100,000 Credits 100,000 + 550 Ducats 550","2017-05-19
2017-09-22
2018-02-09
2018-06-01
2018-09-21
2019-01-25
2019-05-31
2019-11-08
2020-02-28
2020-07-17
2020-11-06
2021-04-09
2021-08-27"
1637337253-1159,https://warframe.fandom.com/wiki/Baro_Ki'Teer,Prisma Gorgon,"50,000 Credits 50,000 + 600 Ducats 600","2015-01-23
2015-04-03
2016-02-12
2016-07-29
2016-09-23
2016-10-07
2016-12-30
2017-06-02
2017-10-20
2018-02-23
2018-06-29
2018-11-02
2019-02-08
2019-06-14
2019-10-25
2020-01-31
2020-06-05
2020-10-09
2021-02-26
2021-07-02"
1637337253-1220,https://warframe.fandom.com/wiki/Baro_Ki'Teer,Ki'teer Kubrow Armor,"250,000 Credits 250,000 + 500 Ducats 500","2016-05-06
2016-11-04
2017-02-24
2017-07-14
2017-11-17
2018-03-23
2018-07-13
2018-10-19
2019-01-11
2019-04-05
2019-08-16
2019-12-06
2020-03-27
2020-07-31
2020-11-06
2021-04-23
2021-10-22"
1637337253-1269,https://warframe.fandom.com/wiki/Baro_Ki'Teer,Ki'teer Atmos Earpiece,"400,000 Credits 400,000 + 500 Ducats 500","2017-10-20
2018-02-23
2018-07-13
2018-11-16
2019-02-22
2019-06-14
2019-10-11
2020-02-14
2020-04-24
2020-08-14
2020-11-20
2021-03-26
2021-10-22"
1637337253-1166,https://warframe.fandom.com/wiki/Baro_Ki'Teer,Voltaic Strike,"150,000 Credits 150,000 + 300 Ducats 300","2015-05-01
2016-04-08
2016-08-26
2016-12-02
2017-04-07
2017-08-25
2017-12-29
2018-06-01
2018-10-19
2019-03-08
2019-07-19
2020-01-03
2020-08-14
2021-03-12
2021-09-24"
1637337253-1229,https://warframe.fandom.com/wiki/Baro_Ki'Teer,Crash Course,"200,000 Credits 200,000 + 330 Ducats 330","2016-02-26
2016-07-29
2016-11-04
2017-03-10
2017-07-28
2017-12-01
2018-05-04
2018-09-21
2019-04-05
2019-08-16
2020-01-17
2020-08-28
2021-02-12
2021-09-10"
1637337253-1173,https://warframe.fandom.com/wiki/Baro_Ki'Teer,Right Prisma Edo Shoulder Plates,"55,000 Credits 55,000 + 100 Ducats 100","2015-12-11
2016-05-20
2016-10-07
2017-02-10
2017-06-30
2017-11-03
2018-03-09
2018-06-29
2018-10-19
2019-01-11
2019-05-03
2019-08-30
2020-01-03
2020-05-08
2020-09-11
2021-02-12
2021-07-02"
1637337253-1288,https://warframe.fandom.com/wiki/Baro_Ki'Teer,Odonata Elixis Skin,"250,000 Credits 250,000 + 350 Ducats 350","2018-04-06
2018-08-24
2018-12-28
2019-04-19
2019-08-16
2019-11-22
2020-03-27
2020-07-17
2020-11-06
2021-04-09
2021-08-27"
1637337253-1333,https://warframe.fandom.com/wiki/Baro_Ki'Teer,Prisma Companion Poster,"110,000 Credits 110,000 + 90 Ducats 90","2019-04-05
2019-07-19
2020-01-31
2020-07-17
2021-01-01
2021-05-21
2021-10-22"
1637337253-1305,https://warframe.fandom.com/wiki/Baro_Ki'Teer,Ki'teer Stencil,"175,000 Credits 175,000 + 250 Ducats 250","2018-07-27
2018-11-30
2019-03-22
2019-09-13
2020-01-31
2020-07-17
2020-12-18
2021-06-18
2021-10-08"
1637337253-1200,https://warframe.fandom.com/wiki/Baro_Ki'Teer,Primed Pressure Point,"300,000 Credits 300,000 + 385 Ducats 385","2016-06-17
2016-11-18
2017-03-24
2017-08-11
2017-12-15
2018-05-18
2018-10-05
2019-04-19
2019-08-16
2019-12-06
2020-07-03
2021-01-29
2021-08-13"
1637337253-1384,https://warframe.fandom.com/wiki/Baro_Ki'Teer,Glaxion Vandal,"250,000 Credits 250,000 + 475 Ducats 475","2020-06-05
2020-09-25
2021-02-12
2021-06-18
2021-10-22"
1637337253-1286,https://warframe.fandom.com/wiki/Baro_Ki'Teer,Primed Expel Corpus,"140,000 Credits 140,000 + 350 Ducats 350","2018-10-05
2019-02-08
2019-06-28
2019-11-08
2020-04-24
2020-11-06
2021-05-21"
1637337253-1279,https://warframe.fandom.com/wiki/Baro_Ki'Teer,Harkonar Wraith Leg Armor,"150,000 Credits 150,000 + 350 Ducats 350","2018-11-16
2019-02-08
2019-05-17
2019-09-13
2020-01-17
2020-05-22
2020-09-25
2021-01-29
2021-06-18"
1637337253-1258,https://warframe.fandom.com/wiki/Baro_Ki'Teer,Vulkar Wraith,"300,000 Credits 300,000 + 450 Ducats 450","2017-03-24
2017-08-25
2018-01-12
2018-05-18
2018-10-19
2019-01-25
2019-05-17
2019-09-27
2020-01-03
2020-04-24
2020-08-28
2021-01-29
2021-05-07"
1637337253-1208,https://warframe.fandom.com/wiki/Baro_Ki'Teer,3 Day Credit Booster,"75,000 Credits 75,000 + 350 Ducats 350","2016-01-22
2016-02-12
2016-02-26
2016-03-25
2016-04-22
2016-05-20
2016-06-17
2016-07-15
2016-08-12
2016-10-07
2016-12-02
2017-01-27
2017-04-07
2017-07-14
2017-10-20
2018-01-26
2018-02-23
2018-06-15
2018-10-05
2018-11-02
2019-02-22
2019-06-28
2019-10-25
2020-01-17
2020-04-24
2020-08-28
2021-01-01
2021-04-23
2021-08-27"
1637337253-1179,https://warframe.fandom.com/wiki/Baro_Ki'Teer,Left Prisma Daedalus Shoulder Guard,"75,000 Credits 75,000 + 65 Ducats 65","2015-05-29
2015-10-02
2016-04-22
2016-08-26
2016-12-30
2017-06-02
2017-10-06
2018-02-09
2018-06-01
2018-09-21
2018-12-28
2019-04-19
2019-08-02
2019-11-22
2019-12-06
2020-04-10
2020-08-14
2020-12-18
2021-04-23
2021-09-10"
1637337253-1171,https://warframe.fandom.com/wiki/Baro_Ki'Teer,Primed Pistol Gambit,"220,000 Credits 220,000 + 400 Ducats 400","2015-06-26
2015-11-13
2016-05-06
2016-09-23
2016-10-07
2016-12-02
2017-05-05
2017-09-22
2018-02-23
2018-07-13
2018-11-30
2019-05-17
2019-09-27
2020-01-17
2020-06-05
2020-12-18
2021-07-16"
1637337253-1280,https://warframe.fandom.com/wiki/Baro_Ki'Teer,Harkonar Wraith Chest Armor,"250,000 Credits 250,000 + 300 Ducats 300","2018-11-02
2019-02-08
2019-05-17
2019-09-13
2020-01-17
2020-05-22
2020-09-25
2021-01-29
2021-06-18"
1637337253-1380,https://warframe.fandom.com/wiki/Baro_Ki'Teer,Primed Fulmination,"175,000 Credits 175,000 + 350 Ducats 350","2020-12-04
2021-07-16"
1637337253-1150,https://warframe.fandom.com/wiki/Baro_Ki'Teer,Pyra Sugatra,"200,000 Credits 200,000 + 100 Ducats 100","2015-01-23
2015-04-17
2016-02-26
2016-07-01
2016-11-18
2017-03-24
2017-08-11
2017-12-29
2018-05-04
2018-09-07
2018-12-14
2019-03-22
2019-07-19
2019-11-08
2020-02-28
2020-07-03
2020-11-06
2021-02-26
2021-07-02
2021-11-19"
1637337253-1155,https://warframe.fandom.com/wiki/Baro_Ki'Teer,Right Eos Prime Spurs,"50,000 Credits 50,000 + 65 Ducats 65","2015-01-09
2015-03-20
2016-02-12
2016-07-15
2016-11-04
2017-03-10
2017-07-28
2017-12-01
2018-04-06
2018-07-27
2018-11-02
2019-02-22
2019-05-31
2019-09-27
2020-02-14
2020-06-19
2020-10-23
2021-03-12
2021-07-30"
1637337253-1364,https://warframe.fandom.com/wiki/Baro_Ki'Teer,Split Flights,"200,000 Credits 200,000 + 300 Ducats 300","2020-03-27
2020-10-23
2021-04-23
2021-10-22"
1637337253-1191,https://warframe.fandom.com/wiki/Baro_Ki'Teer,Primed Heated Charge,"175,000 Credits 175,000 + 350 Ducats 350","2015-01-23
2015-04-03
2016-03-25
2016-08-12
2016-12-30
2017-06-02
2017-10-20
2018-03-23
2018-07-27
2019-04-19
2019-08-02
2019-10-25
2020-05-22
2020-12-04
2021-07-02"
1637337253-1215,https://warframe.fandom.com/wiki/Baro_Ki'Teer,Buzz Kill,"150,000 Credits 150,000 + 375 Ducats 375","2016-03-11
2016-09-09
2017-01-13
2017-06-02
2017-10-20
2018-03-09
2018-08-10
2018-12-14
2019-04-19
2019-08-30
2020-01-31
2020-09-11
2021-03-12
2021-09-10"
1637337253-1148,https://warframe.fandom.com/wiki/Baro_Ki'Teer,Prisma Yamako Syandana,"250,000 Credits 250,000 + 400 Ducats 400","2015-02-20
2015-07-10
2016-03-25
2016-11-18
2017-05-05
2017-09-22
2018-02-09
2018-05-18
2018-09-07
2019-01-11
2019-04-19
2019-08-30
2019-12-20
2020-04-10
2020-08-28
2021-01-29
2021-06-04
2021-07-02"
1637337253-1227,https://warframe.fandom.com/wiki/Baro_Ki'Teer,Primed Cryo Rounds,"110,000 Credits 110,000 + 350 Ducats 350","2016-11-04
2017-02-24
2017-07-14
2018-01-12
2018-05-18
2018-10-05
2019-04-19
2019-08-02
2019-10-25
2020-03-27
2020-10-09
2021-04-09
2021-09-24"
1637337253-1253,https://warframe.fandom.com/wiki/Baro_Ki'Teer,Hydroid Immortal Skin,"100,000 Credits 100,000 + 550 Ducats 550","2017-04-21
2017-09-08
2018-01-26
2018-05-18
2018-09-21
2019-01-11
2019-05-03
2019-09-13
2020-02-14
2020-07-03
2020-10-09
2021-01-29
2021-06-18
2021-11-05"
1637337253-1235,https://warframe.fandom.com/wiki/Baro_Ki'Teer,Quanta Aufeis Skin,"300,000 Credits 300,000 + 300 Ducats 300","2016-01-08
2016-06-03
2016-10-07
2017-01-27
2017-06-16
2017-11-03
2018-03-23
2018-08-10
2018-12-14
2019-03-22
2019-07-19
2019-11-08
2020-03-13
2020-06-19
2020-10-09
2021-02-26
2021-08-13
2021-11-19"
1637337253-1137,https://warframe.fandom.com/wiki/Baro_Ki'Teer,Primed Flow,"110,000 Credits 110,000 + 350 Ducats 350","2014-12-26
2015-03-06
2015-12-11
2016-05-20
2016-08-12
2016-11-04
2017-03-24
2017-05-19
2017-10-06
2018-03-09
2018-12-14
2019-05-03
2019-09-13
2020-02-14
2020-07-03
2020-12-18
2021-06-18
2021-11-19"
1637337253-1152,https://warframe.fandom.com/wiki/Baro_Ki'Teer,Prisma Mech Head Sentinel Mask,"200,000 Credits 200,000 + 175 Ducats 175","2015-10-02
2016-07-01
2016-12-16
2017-04-07
2017-08-25
2018-01-12
2018-05-18
2018-09-07
2018-12-28
2019-05-03
2019-08-30
2020-01-03
2020-05-22
2020-10-09
2021-03-12
2021-08-13"
1637337253-1287,https://warframe.fandom.com/wiki/Baro_Ki'Teer,Pack Leader Sigil,"45,000 Credits 45,000 + 55 Ducats 55","2018-06-01
2018-10-05
2019-01-25
2019-05-17
2019-10-11
2020-02-14
2020-07-03
2020-12-04
2021-06-04"
1637337253-1352,https://warframe.fandom.com/wiki/Baro_Ki'Teer,Pedestal Umbra,"1,000,000 Credits 1,000,000","2020-08-14
2021-01-29
2021-07-02"
1637337253-1367,https://warframe.fandom.com/wiki/Baro_Ki'Teer,Elixis Latron Pistol Skin,"215,000 Credits 215,000 + 400 Ducats 400","2020-09-25
2021-01-29
2021-06-18"
1637337253-1139,https://warframe.fandom.com/wiki/Baro_Ki'Teer,Right Prisma Edo Knee Plates,"55,000 Credits 55,000 + 100 Ducats 100","2015-12-25
2016-06-03
2016-06-17
2016-10-07
2017-02-10
2017-06-30
2017-11-03
2018-03-09
2018-06-29
2018-10-19
2019-01-11
2019-05-03
2019-08-30
2020-01-03
2020-05-08
2020-09-11
2021-02-12
2021-07-02"
1637337253-1354,https://warframe.fandom.com/wiki/Baro_Ki'Teer,Deimos Scissus Prex,"100,000 Credits 100,000 + 75 Ducats 75","2020-11-20
2021-05-21"
1637337253-1136,https://warframe.fandom.com/wiki/Baro_Ki'Teer,Primed Ravage,"100,000 Credits 100,000 + 280 Ducats 280","2014-12-12
2015-06-12
2015-09-18
2016-05-20
2016-08-12
2016-12-30
2017-05-19
2017-10-06
2018-02-23
2018-07-13
2018-12-28
2019-05-03
2019-09-13
2020-02-28
2020-10-09
2021-04-23
2021-10-22"
1637337253-1245,https://warframe.fandom.com/wiki/Baro_Ki'Teer,Ki'teer Foros Leg Plates,"150,000 Credits 150,000 + 225 Ducats 225","2017-08-25
2017-12-29
2018-05-04
2018-08-24
2018-12-14
2019-04-05
2019-07-19
2019-11-08
2020-03-27
2020-07-31
2021-01-01
2021-05-07
2021-09-24"
1637337253-1277,https://warframe.fandom.com/wiki/Baro_Ki'Teer,Ki'teer Cornu Diadem,"375,000 Credits 375,000 + 525 Ducats 525","2018-10-05
2019-01-11
2019-05-17
2019-09-13
2020-01-17
2020-04-10
2020-07-31
2020-11-06
2021-03-12
2021-08-13
2021-11-05"
1637337253-1230,https://warframe.fandom.com/wiki/Baro_Ki'Teer,Orokin Catalyst,"400,000 Credits 400,000 + 700 Ducats 700",2016-01-22
1637337253-1210,https://warframe.fandom.com/wiki/Baro_Ki'Teer,Grustrag Three Beacon,"125,000 Credits 125,000 + 200 Ducats 200","2016-02-12
2016-02-26
2016-04-08
2016-05-06
2016-06-03
2016-07-01
2016-07-29
2016-08-12
2016-10-21
2016-11-18
2017-01-13
2017-03-24
2017-06-16
2017-09-22
2017-12-29
2018-04-20
2018-08-10
2018-11-30
2019-02-08
2019-06-14
2019-10-11
2019-12-06
2020-02-14
2020-06-19
2020-10-09
2021-02-12
2021-06-18"
1637337253-1232,https://warframe.fandom.com/wiki/Baro_Ki'Teer,Primed Bane of Grineer,"140,000 Credits 140,000 + 400 Ducats 400","2016-01-22
2016-07-15
2016-10-21
2017-02-24
2017-06-30
2017-11-17
2018-04-20
2018-09-07
2019-01-25
2019-05-31
2019-09-27
2020-03-13
2020-09-25
2021-03-26"
1637337253-1368,https://warframe.fandom.com/wiki/Baro_Ki'Teer,Primed Firestorm,"175,000 Credits 175,000 + 350 Ducats 350","2020-12-04
2021-06-04"
1637337253-1228,https://warframe.fandom.com/wiki/Baro_Ki'Teer,Pummel,"150,000 Credits 150,000 + 300 Ducats 300","2016-02-26
2016-07-29
2016-11-04
2017-03-10
2017-07-28
2017-12-01
2018-05-04
2018-09-21
2019-04-05
2019-08-16
2020-01-17
2020-08-28
2021-02-26
2021-10-08"
1637337253-1260,https://warframe.fandom.com/wiki/Baro_Ki'Teer,Ki'teer Foros Chest Plate,"200,000 Credits 200,000 + 175 Ducats 175","2017-08-11
2017-12-29
2018-05-04
2018-08-24
2018-12-14
2019-04-05
2019-07-19
2019-11-08
2020-03-27
2020-07-31
2021-01-01
2021-05-07
2021-09-24"
1637337253-1293,https://warframe.fandom.com/wiki/Baro_Ki'Teer,Liset Cydonia Skin,"300,000 Credits 300,000 + 400 Ducats 400","2018-10-05
2019-01-25
2019-05-31
2019-09-27
2020-02-28
2020-07-31
2020-12-18
2021-05-21
2021-09-24"
1637337253-1241,https://warframe.fandom.com/wiki/Baro_Ki'Teer,Ki'teer Presence,"1,000,000 Credits 1,000,000","2017-07-14
2017-11-03
2018-03-23
2018-08-10
2018-10-05
2019-05-17
2019-09-27
2020-02-28
2020-06-19
2020-11-06
2021-03-26
2021-08-27"
1637337253-1182,https://warframe.fandom.com/wiki/Baro_Ki'Teer,Prisma Arrows,"75,000 Credits 75,000 + 350 Ducats 350","2015-06-26
2016-03-11
2016-07-29
2016-09-23
2016-10-07
2017-05-05
2017-09-08
2018-01-26
2018-06-01
2018-10-05
2019-02-08
2019-05-17
2019-09-13
2020-01-17
2020-05-08
2020-09-25
2021-03-12
2021-07-30
2021-11-05"
1637337253-1158,https://warframe.fandom.com/wiki/Baro_Ki'Teer,Prisma Hecate Syandana,"300,000 Credits 300,000 + 250 Ducats 250","2015-04-17
2015-08-07
2016-04-08
2016-09-09
2016-12-30
2017-05-19
2017-10-06
2018-02-23
2018-06-15
2018-10-05
2019-01-25
2019-05-03
2019-08-30
2019-12-20
2020-04-24
2020-07-31
2020-12-04
2021-04-23
2021-08-27
2021-11-19"
1637337253-1172,https://warframe.fandom.com/wiki/Baro_Ki'Teer,Primed Rifle Ammo Mutation,"140,000 Credits 140,000 + 400 Ducats 400","2015-11-13
2016-07-01
2016-10-07
2017-02-10
2017-06-16
2017-11-03
2018-04-06
2018-08-24
2019-01-11
2019-05-17
2019-09-13
2020-02-14
2020-07-31
2021-02-12
2021-08-27"
1637337253-1240,https://warframe.fandom.com/wiki/Baro_Ki'Teer,Primed Bane of Corrupted,"140,000 Credits 140,000 + 400 Ducats 400","2017-08-11
2017-12-15
2018-01-12
2018-04-20
2018-09-07
2019-01-25
2019-05-31
2019-09-27
2020-03-13
2020-09-25
2021-03-26"
1637337253-1360,https://warframe.fandom.com/wiki/Baro_Ki'Teer,Prisma Latron Leg Plate,"175,000 Credits 175,000 + 300 Ducats 300","2020-02-14
2020-06-05
2020-10-09
2021-02-26
2021-07-16
2021-11-19"
1637337253-1346,https://warframe.fandom.com/wiki/Baro_Ki'Teer,Prisma Avia Shoulder Plate,"200,000 Credits 200,000 + 300 Ducats 300","2019-05-03
2019-08-16
2019-12-20
2020-04-24
2020-08-28
2021-01-15
2021-05-21
2021-10-22"
1637337253-1157,https://warframe.fandom.com/wiki/Baro_Ki'Teer,Right Prisma Daedalus Shoulder Guard,"75,000 Credits 75,000 + 65 Ducats 65","2015-05-29
2015-10-02
2016-04-22
2016-08-26
2016-12-30
2017-06-02
2017-10-06
2018-02-09
2018-06-01
2018-09-21
2018-12-28
2019-04-19
2019-08-02
2019-11-22
2019-12-06
2020-04-10
2020-08-14
2020-12-18
2021-04-23
2021-09-10"
1637337253-1377,https://warframe.fandom.com/wiki/Baro_Ki'Teer,Prisma Dual Decurions,"175,000 Credits 175,000 + 525 Ducats 525","2020-12-18
2021-06-04
2021-09-24"
1637337253-1290,https://warframe.fandom.com/wiki/Baro_Ki'Teer,Cookie Kubrow Glyph,"50,000 Credits 50,000 + 80 Ducats 80","2018-11-30
2018-12-14
2018-12-28
2019-12-06
2019-12-20
2020-12-04
2020-12-18"
1637337253-1198,https://warframe.fandom.com/wiki/Baro_Ki'Teer,Ki'teer Earpiece,"400,000 Credits 400,000 + 500 Ducats 500","2016-09-09
2016-12-16
2017-04-21
2017-09-08
2018-01-26
2018-05-04
2018-11-16
2019-02-08
2019-05-31
2019-10-25
2020-02-28
2020-06-05
2020-08-28
2021-01-01
2021-06-04
2021-06-18
2021-07-02
2021-09-10"
1637337253-1357,https://warframe.fandom.com/wiki/Baro_Ki'Teer,Deimos Flagellocanth Prex,"100,000 Credits 100,000 + 75 Ducats 75","2020-11-20
2021-06-04"
1637337253-1225,https://warframe.fandom.com/wiki/Baro_Ki'Teer,Stalker Beacon,"125,000 Credits 125,000 + 200 Ducats 200","2016-02-12
2016-02-26
2016-04-08
2016-05-06
2016-06-03
2016-07-01
2016-07-29
2016-08-12
2016-10-21
2016-11-18
2017-01-13
2017-03-24
2017-06-16
2017-09-22
2017-12-29
2018-04-20
2018-08-10
2018-11-30
2019-02-08
2019-05-31
2019-06-14
2019-08-30
2019-10-11
2019-12-06
2020-02-14
2020-05-22
2020-07-03
2020-11-20
2021-04-09
2021-07-16"
1637337253-1265,https://warframe.fandom.com/wiki/Baro_Ki'Teer,Ki'teer Foros Shoulder Plates,"100,000 Credits 100,000 + 310 Ducats 310","2017-07-28
2017-12-29
2018-05-04
2018-08-24
2018-12-14
2019-04-05
2019-07-19
2019-11-08
2020-03-27
2020-07-31
2021-01-01
2021-05-07
2021-09-24"
1637337253-1320,https://warframe.fandom.com/wiki/Baro_Ki'Teer,3 Day Mod Drop Chance Booster,"175,000 Credits 175,000 + 500 Ducats 500","2019-10-11
2020-01-03
2020-04-10
2020-07-31
2020-11-06
2021-03-26
2021-07-16"
1637337253-1248,https://warframe.fandom.com/wiki/Baro_Ki'Teer,Eos Prime Armor Set,"260,000 Credits 260,000 + 285 Ducats 285","2017-07-28
2017-12-01
2018-04-06
2018-07-27
2018-11-02
2019-02-22
2019-05-31
2019-09-27
2020-02-28
2020-07-03
2020-11-06
2021-03-26
2021-08-27"
1637337253-1183,https://warframe.fandom.com/wiki/Baro_Ki'Teer,Primed Reach,"220,000 Credits 220,000 + 300 Ducats 300","2015-02-06
2015-07-10
2016-02-12
2016-07-01
2016-12-16
2017-04-07
2017-08-25
2018-01-12
2018-05-18
2018-10-05
2019-02-22
2019-06-14
2019-10-25
2020-05-22
2020-11-20
2021-01-15
2021-07-16"
1637337253-1217,https://warframe.fandom.com/wiki/Baro_Ki'Teer,Sweeping Serration,"150,000 Credits 150,000 + 375 Ducats 375","2016-03-11
2016-09-09
2017-01-13
2017-06-02
2017-10-20
2018-03-09
2018-08-10
2018-12-14
2019-04-19
2019-08-30
2020-01-31
2020-09-11
2021-03-26
2021-09-24"
1637337253-1242,https://warframe.fandom.com/wiki/Baro_Ki'Teer,Prisma Angstrum,"210,000 Credits 210,000 + 475 Ducats 475","2017-09-08
2017-12-29
2018-06-01
2018-11-16
2019-02-22
2019-05-31
2019-10-11
2020-02-28
2020-07-03
2020-11-06
2021-03-26
2021-08-13"
1637337253-1312,https://warframe.fandom.com/wiki/Baro_Ki'Teer,In Mah Belly Glyph,"50,000 Credits 50,000 + 80 Ducats 80","2019-10-11
2020-03-13
2020-10-09
2020-10-23
2021-10-08
2021-10-22"
1637337253-1266,https://warframe.fandom.com/wiki/Baro_Ki'Teer,Prisma Obex,"175,000 Credits 175,000 + 500 Ducats 500","2017-05-05
2017-10-06
2018-02-23
2018-07-13
2018-11-30
2019-03-08
2019-06-28
2019-11-08
2020-03-13
2020-07-03
2020-11-20
2021-04-09
2021-08-13"
1637337253-1216,https://warframe.fandom.com/wiki/Baro_Ki'Teer,Ki'teer Sentinel Tail,"250,000 Credits 250,000 + 400 Ducats 400","2016-06-03
2016-11-18
2017-04-21
2017-07-28
2017-12-15
2018-03-23
2018-07-13
2018-11-02
2019-01-25
2019-03-08
2019-06-14
2019-10-11
2020-01-17
2020-06-05
2020-09-11
2021-01-29
2021-06-18
2021-10-08"
1637337253-1247,https://warframe.fandom.com/wiki/Baro_Ki'Teer,Primed Regen,"220,000 Credits 220,000 + 300 Ducats 300","2017-01-13
2017-06-30
2017-11-17
2018-04-06
2018-08-24
2018-12-14
2019-05-03
2019-09-13
2020-01-31
2020-06-19
2021-01-01
2021-07-16"
1637337253-1370,https://warframe.fandom.com/wiki/Baro_Ki'Teer,Deimos Velocipod Prex,"100,000 Credits 100,000 + 75 Ducats 75","2020-10-23
2021-05-07
2021-10-08"
1637337253-1197,https://warframe.fandom.com/wiki/Baro_Ki'Teer,Ki'teer Kavat Armor,"275,000 Credits 275,000 + 500 Ducats 500","2016-10-07
2016-12-16
2017-05-05
2017-09-08
2017-09-22
2018-01-26
2018-06-01
2018-10-05
2019-01-25
2019-04-05
2019-08-02
2019-08-16
2019-12-06
2020-04-10
2020-07-31
2020-11-06
2021-03-12
2021-07-16
2021-11-05"
1637337253-1271,https://warframe.fandom.com/wiki/Baro_Ki'Teer,Kavat Sentinel Mask,"200,000 Credits 200,000 + 500 Ducats 500","2017-12-01
2018-04-20
2018-08-24
2018-12-14
2019-03-22
2019-04-19
2019-08-16
2019-12-20
2020-03-13
2020-07-03
2020-10-23
2021-03-26
2021-07-30"
1637337253-1175,https://warframe.fandom.com/wiki/Baro_Ki'Teer,Prisma Skana,"175,000 Credits 175,000 + 510 Ducats 510","2015-05-29
2015-10-16
2016-04-22
2016-08-26
2016-12-02
2017-05-19
2017-10-06
2018-02-09
2018-06-15
2018-11-02
2019-02-22
2019-06-14
2019-10-25
2020-03-13
2020-06-19
2020-10-09
2021-03-12
2021-07-16"
1637337253-1154,https://warframe.fandom.com/wiki/Baro_Ki'Teer,High Voltage,"150,000 Credits 150,000 + 300 Ducats 300","2015-05-15
2016-04-08
2016-08-26
2016-12-02
2017-04-07
2017-08-25
2017-12-29
2018-06-01
2018-10-19
2019-03-08
2019-07-19
2020-01-03
2020-08-14
2021-02-26
2021-08-27"
1637337253-1170,https://warframe.fandom.com/wiki/Baro_Ki'Teer,Vermillion Storm,"175,000 Credits 175,000 + 385 Ducats 385","2015-10-02
2016-05-06
2016-09-23
2016-10-07
2017-01-27
2017-04-21
2017-09-08
2018-01-26
2018-06-29
2018-11-16
2019-03-22
2019-08-02
2019-11-22
2020-04-10
2020-11-20
2021-06-04"
1637337253-1135,https://warframe.fandom.com/wiki/Baro_Ki'Teer,Right Eos Prime Shoulder Plates,"75,000 Credits 75,000 + 50 Ducats 50","2014-12-26
2015-03-06
2016-02-12
2016-07-15
2016-11-04
2017-03-10
2017-07-28
2017-12-01
2018-04-06
2018-07-27
2018-11-02
2019-02-22
2019-05-31
2019-09-27
2020-02-14
2020-06-19
2020-10-23
2021-03-12
2021-07-30"
1637337253-1190,https://warframe.fandom.com/wiki/Baro_Ki'Teer,Left Prisma Daedalus Knee Plates,"75,000 Credits 75,000 + 65 Ducats 65","2015-05-15
2015-09-18
2016-04-22
2016-08-26
2017-01-13
2017-06-02
2017-10-06
2018-02-09
2018-06-01
2018-09-21
2018-12-28
2019-04-19
2019-08-02
2019-11-22
2019-12-06
2020-04-10
2020-08-14
2020-12-18
2021-04-23
2021-09-10"
1637337253-1372,https://warframe.fandom.com/wiki/Baro_Ki'Teer,Combo Killer,"115,000 Credits 115,000 + 300 Ducats 300","2020-11-06
2021-04-23
2021-10-22"
1637337253-1162,https://warframe.fandom.com/wiki/Baro_Ki'Teer,Prisma Jet Sentinel Wings,"200,000 Credits 200,000 + 300 Ducats 300","2015-09-04
2016-06-17
2016-09-23
2016-10-07
2017-01-13
2017-06-02
2017-10-20
2018-01-12
2018-05-18
2018-09-07
2018-12-28
2019-05-03
2019-08-30
2020-01-03
2020-05-22
2020-10-09
2021-02-26
2021-08-13"
1637337253-1259,https://warframe.fandom.com/wiki/Baro_Ki'Teer,Scorch,"150,000 Credits 150,000 + 300 Ducats 300","2017-10-06
2018-02-09
2018-06-15
2018-11-02
2019-02-22
2019-06-14
2019-10-11
2020-04-10
2020-11-20
2021-05-21"
1637337253-1234,https://warframe.fandom.com/wiki/Baro_Ki'Teer,10 x Ki'teer Fireworks,"100,000 Credits 100,000 + 50 Ducats 50","2016-11-04
2017-08-25
2017-12-29
2018-04-06
2018-07-27
2018-11-30
2019-03-22
2019-08-30
2019-11-22
2020-03-27
2020-07-31
2020-12-18
2021-05-21
2021-11-05"
1637337253-1169,https://warframe.fandom.com/wiki/Baro_Ki'Teer,Noggle Statue - Baro Ki'teer,"250,000 Credits 250,000 + 70 Ducats 70","2015-04-03
2015-06-12
2016-03-11
2016-08-12
2016-11-04
2017-05-19
2017-10-06
2018-02-09
2018-06-15
2018-09-21
2019-01-11
2019-04-05
2019-08-02
2019-12-20
2020-05-08
2020-09-11
2021-02-12
2021-07-16"
1637337253-1132,https://warframe.fandom.com/wiki/Baro_Ki'Teer,Left Eos Prime Shoulder Plates,"75,000 Credits 75,000 + 50 Ducats 50","2014-12-26
2015-03-06
2016-02-12
2016-07-15
2016-11-04
2017-03-10
2017-07-28
2017-12-01
2018-04-06
2018-07-27
2018-11-02
2019-02-22
2019-05-31
2019-09-27
2020-02-14
2020-06-19
2020-10-23
2021-03-12
2021-07-30"
1637337253-1145,https://warframe.fandom.com/wiki/Baro_Ki'Teer,Left Prisma Edo Shoulder Plates,"55,000 Credits 55,000 + 100 Ducats 100","2015-12-11
2016-05-20
2016-10-07
2017-02-10
2017-06-30
2017-11-03
2018-03-09
2018-06-29
2018-10-19
2019-01-11
2019-05-03
2019-08-30
2020-01-03
2020-05-08
2020-09-11
2021-02-12
2021-07-02"
1637337253-1140,https://warframe.fandom.com/wiki/Baro_Ki'Teer,Prova Vandal,"250,000 Credits 250,000 + 410 Ducats 410","2015-07-24
2016-03-25
2016-07-29
2016-11-18
2017-02-24
2017-07-28
2017-12-15
2018-05-04
2018-09-21
2019-07-19
2019-10-25
2020-02-28
2020-06-19
2020-10-23
2021-03-12
2021-07-30"
1637337253-1297,https://warframe.fandom.com/wiki/Baro_Ki'Teer,Harkonar Wraith Arm Armor,"150,000 Credits 150,000 + 350 Ducats 350","2018-10-19
2019-02-08
2019-05-17
2019-09-13
2020-01-17
2020-05-22
2020-09-25
2021-01-29
2021-06-18"
1637337253-1189,https://warframe.fandom.com/wiki/Baro_Ki'Teer,Left Prisma Edo Knee Plates,"55,000 Credits 55,000 + 100 Ducats 100","2015-12-25
2016-06-03
2016-06-17
2016-10-07
2017-02-10
2017-06-30
2017-11-03
2018-03-09
2018-06-29
2018-10-19
2019-01-11
2019-05-03
2019-08-30
2020-01-03
2020-05-08
2020-09-11
2021-02-12
2021-07-02"
1637337253-1281,https://warframe.fandom.com/wiki/Baro_Ki'Teer,Eminence,"220,000 Credits 220,000 + 220 Ducats 220","2018-08-10
2018-12-14
2019-03-22
2019-07-19
2020-01-03
2020-04-24
2020-09-25
2021-02-12
2021-07-02
2021-10-22"
1637337253-1376,https://warframe.fandom.com/wiki/Baro_Ki'Teer,Tiberon Elixis Skin,"275,000 Credits 275,000 + 315 Ducats 315","2020-07-17
2020-12-18
2021-05-21
2021-09-24"
1637337253-1153,https://warframe.fandom.com/wiki/Baro_Ki'Teer,Prisma Edo Chest Plate,"250,000 Credits 250,000 + 225 Ducats 225","2015-12-25
2016-06-03
2016-06-17
2016-10-07
2017-02-10
2017-06-30
2017-11-03
2018-03-09
2018-06-29
2018-10-19
2019-01-11
2019-05-03
2019-08-30
2020-01-03
2020-05-08
2020-09-11
2021-02-12
2021-07-02"
1637337253-1194,https://warframe.fandom.com/wiki/Baro_Ki'Teer,3 Day Affinity Booster,"200,000 Credits 200,000 + 450 Ducats 450","2016-01-22
2016-02-12
2016-02-26
2016-03-25
2016-04-22
2016-05-20
2016-06-17
2016-07-15
2016-09-09
2016-10-07
2016-12-30
2017-02-24
2017-04-21
2017-06-02
2017-08-25
2017-12-29
2018-07-13
2018-10-05
2018-12-14
2019-05-03
2019-08-02
2019-11-08
2020-02-14
2020-06-05
2021-01-29
2021-06-18
2021-10-22"
1637337253-1302,https://warframe.fandom.com/wiki/Baro_Ki'Teer,Viper Wraith,"75,000 Credits 75,000 + 400 Ducats 400","2018-01-12
2018-05-04
2018-10-05
2019-01-25
2019-05-03
2019-09-27
2020-01-17
2020-05-22
2020-09-25
2021-02-26
2021-07-16"
1637337253-1176,https://warframe.fandom.com/wiki/Baro_Ki'Teer,Prisma Sigil,"50,000 Credits 50,000 + 50 Ducats 50","2015-02-06
2015-07-24
2016-03-11
2016-11-18
2017-05-19
2017-09-22
2018-02-09
2018-06-15
2018-10-19
2019-02-08
2019-05-31
2019-09-13
2020-01-31
2020-06-19
2020-11-20
2021-04-09
2021-08-27"
1637337253-1359,https://warframe.fandom.com/wiki/Baro_Ki'Teer,Primed Cleanse Corpus,"140,000 Credits 140,000 + 350 Ducats 350","2020-05-08
2020-11-20
2021-05-07
2021-11-19"
1637337253-1186,https://warframe.fandom.com/wiki/Baro_Ki'Teer,Primed Pistol Ammo Mutation,"140,000 Credits 140,000 + 400 Ducats 400","2015-02-06
2015-04-17
2016-03-25
2016-07-01
2016-11-04
2017-03-24
2017-08-11
2017-12-15
2018-05-18
2018-08-24
2018-11-02
2019-01-11
2019-03-22
2019-05-17
2019-09-13
2020-02-14
2020-07-31
2021-02-26
2021-09-10"
1637337253-1338,https://warframe.fandom.com/wiki/Baro_Ki'Teer,Pack Leader Emblem,"50,000 Credits 50,000 + 50 Ducats 50","2019-06-28
2019-12-06
2020-04-24
2020-09-11
2021-02-26
2021-08-13"
1637337253-1226,https://warframe.fandom.com/wiki/Baro_Ki'Teer,Quanta Vandal,"300,000 Credits 300,000 + 450 Ducats 450","2016-03-25
2016-10-21
2017-01-27
2017-06-16
2017-11-03
2018-03-23
2018-08-10
2018-12-14
2019-03-22
2019-07-19
2019-11-08
2020-02-14
2020-06-05
2020-11-06
2021-04-09
2021-08-27"
1637337253-1316,https://warframe.fandom.com/wiki/Baro_Ki'Teer,Desert Skate Floof,"100,000 Credits 100,000 + 125 Ducats 125","2019-08-16
2020-01-31
2020-06-19
2020-12-04
2021-05-07
2021-11-19"
1637337253-1212,https://warframe.fandom.com/wiki/Baro_Ki'Teer,Primed Bane of Corpus,"140,000 Credits 140,000 + 400 Ducats 400","2016-01-08
2016-07-15
2016-10-21
2017-02-24
2017-06-30
2017-11-17
2018-04-20
2018-09-07
2019-01-25
2019-05-31
2019-09-27
2020-03-13
2020-09-25
2021-03-26
2021-11-19"
1637337253-1143,https://warframe.fandom.com/wiki/Baro_Ki'Teer,Jolt,"150,000 Credits 150,000 + 300 Ducats 300","2015-04-17
2015-09-04
2016-04-22
2016-08-26
2016-12-02
2017-04-07
2017-08-25
2017-12-29
2018-06-01
2018-10-19
2019-03-08
2019-07-19
2020-01-03
2020-08-14
2021-02-26
2021-09-10"
1637337253-1209,https://warframe.fandom.com/wiki/Baro_Ki'Teer,Maim,"150,000 Credits 150,000 + 375 Ducats 375","2016-03-11
2016-09-09
2017-01-13
2017-06-02
2017-10-20
2018-03-09
2018-08-10
2018-12-14
2019-04-19
2019-08-30
2020-01-31
2020-09-11
2021-04-09
2021-10-08"
1637337253-1222,https://warframe.fandom.com/wiki/Baro_Ki'Teer,Wysar Day of the Dead Kavat Armor,"175,000 Credits 175,000 + 400 Ducats 400","2016-10-21
2017-10-06
2017-10-20
2018-02-23
2018-10-05
2018-10-19
2019-10-11
2019-10-25
2020-10-09
2020-10-23
2021-10-08
2021-10-22"
1637337253-1254,https://warframe.fandom.com/wiki/Baro_Ki'Teer,Corrupted Bombard Specter Blueprint,"50,000 Credits 50,000 + 100 Ducats 100","2017-02-24
2017-07-28
2017-12-01
2018-04-06
2018-07-27
2018-12-14
2019-04-05
2019-07-19
2019-11-08
2020-02-28
2020-07-17
2020-10-23
2021-02-26
2021-07-02
2021-11-19"
1637337253-1348,https://warframe.fandom.com/wiki/Baro_Ki'Teer,Primed Smite Corrupted,"140,000 Credits 140,000 + 350 Ducats 350","2019-12-20
2020-07-17
2021-01-29
2021-08-13"
1637337253-1332,https://warframe.fandom.com/wiki/Baro_Ki'Teer,Akka Luxxum Ornament,"100,000 Credits 100,000 + 100 Ducats 100","2019-09-13
2020-01-31
2020-05-08
2020-10-09
2021-02-26
2021-07-16"
1637337253-1270,https://warframe.fandom.com/wiki/Baro_Ki'Teer,Baro Ki'teer Glyph,"50,000 Credits 50,000 + 80 Ducats 80","2017-02-10
2017-07-14
2017-12-01
2018-04-20
2018-11-16
2019-03-08
2019-07-19
2020-01-03
2020-06-05
2020-11-20
2021-04-09
2021-04-23
2021-08-27"
1637337253-1167,https://warframe.fandom.com/wiki/Baro_Ki'Teer,Redeemer Elixis Skin,"250,000 Credits 250,000 + 325 Ducats 325","2015-11-27
2016-05-06
2016-10-07
2017-01-27
2017-06-30
2018-01-12
2018-06-01
2018-10-19
2019-02-08
2019-06-14
2019-10-11
2020-02-28
2020-06-05
2020-10-09
2021-01-15
2021-06-04
2021-10-22"
1637337253-1355,https://warframe.fandom.com/wiki/Baro_Ki'Teer,Green Ki'teer Safari K-Drive Scrawl,"75,000 Credits 75,000 + 75 Ducats 75","2020-09-11
2021-02-12
2021-07-16"
1637337253-1274,https://warframe.fandom.com/wiki/Baro_Ki'Teer,Domus Syandana,"400,000 Credits 400,000 + 600 Ducats 600","2018-02-23
2018-06-29
2018-11-30
2019-03-22
2019-08-02
2019-11-08
2020-02-28
2020-07-03
2020-10-23
2021-03-12
2021-08-13"
1637337253-1202,https://warframe.fandom.com/wiki/Baro_Ki'Teer,Ki'teer Sentinel Wings,"250,000 Credits 250,000 + 400 Ducats 400","2016-05-20
2016-11-18
2017-04-21
2017-07-14
2017-12-01
2018-03-23
2018-07-13
2018-11-02
2019-01-25
2019-03-08
2019-06-14
2019-10-11
2020-01-17
2020-06-05
2020-09-11
2021-01-29
2021-07-02
2021-10-22"
1637337253-1315,https://warframe.fandom.com/wiki/Baro_Ki'Teer,Scimitar Cydonia Skin,"340,000 Credits 340,000 + 375 Ducats 375","2019-03-22
2019-06-28
2019-07-19
2020-01-17
2020-06-05
2020-11-06
2021-03-26
2021-09-10"
1637337253-1373,https://warframe.fandom.com/wiki/Baro_Ki'Teer,Deimos Fass Prex,"100,000 Credits 100,000 + 75 Ducats 75","2020-10-23
2021-04-09
2021-09-24"
1637337253-1345,https://warframe.fandom.com/wiki/Baro_Ki'Teer,Prisma Grinlok,"220,000 Credits 220,000 + 500 Ducats 500","2019-03-08
2019-08-02
2019-11-22
2020-04-10
2020-07-31
2020-12-04
2021-05-07
2021-10-08"
1637337253-1374,https://warframe.fandom.com/wiki/Baro_Ki'Teer,Primed Rubedo-Lined Barrel,"175,000 Credits 175,000 + 350 Ducats 350","2020-06-19
2021-01-15
2021-07-30"
1637337253-1356,https://warframe.fandom.com/wiki/Baro_Ki'Teer,Blue Ki'teer Safari K-Drive Scrawl,"75,000 Credits 75,000 + 75 Ducats 75","2020-04-10
2020-09-25
2021-02-12
2021-07-30"
1637337253-1300,https://warframe.fandom.com/wiki/Baro_Ki'Teer,Taxon Desert-Camo Skin,"150,000 Credits 150,000 + 200 Ducats 200","2018-09-21
2018-12-28
2019-05-17
2019-10-11
2020-01-31
2020-06-19
2020-09-25
2021-01-15
2021-06-04
2021-11-19"
1637337253-1322,https://warframe.fandom.com/wiki/Baro_Ki'Teer,Puspa Luxxum Ornament,"100,000 Credits 100,000 + 100 Ducats 100","2019-10-25
2020-02-28
2020-12-18
2021-06-04"
1637337253-1184,https://warframe.fandom.com/wiki/Baro_Ki'Teer,Primed Morphic Transformer,"150,000 Credits 150,000 + 350 Ducats 350","2015-10-16
2016-05-20
2016-09-23
2016-10-07
2017-02-24
2017-07-14
2018-01-12
2018-08-10
2018-11-30
2019-05-03
2019-08-30
2019-12-20
2020-07-03
2021-01-15
2021-07-30"
1637337253-1185,https://warframe.fandom.com/wiki/Baro_Ki'Teer,Nexus Fur Pattern,"300,000 Credits 300,000 + 150 Ducats 150","2015-03-20
2015-08-21
2016-04-08
2016-11-04
2017-02-24
2017-07-14
2017-12-01
2018-04-06
2018-07-13
2018-11-16
2019-03-08
2019-06-28
2019-11-22
2020-02-28
2020-07-17
2020-11-20
2021-04-09
2021-08-27"
1637337253-1178,https://warframe.fandom.com/wiki/Baro_Ki'Teer,Prisma Koi Sentinel Tail,"200,000 Credits 200,000 + 200 Ducats 200","2015-09-04
2016-06-17
2016-09-23
2016-10-07
2017-01-13
2017-06-02
2017-10-20
2018-01-12
2018-05-18
2018-09-07
2018-12-28
2019-05-03
2019-08-30
2020-01-03
2020-05-22
2020-10-09
2021-02-12
2021-06-18
2021-11-05
2021-11-19"
1637337253-1298,https://warframe.fandom.com/wiki/Baro_Ki'Teer,Primed Charged Shell,"200,000 Credits 200,000 + 350 Ducats 350","2018-09-21
2019-01-11
2019-05-31
2019-10-11
2020-02-28
2020-09-11
2021-04-09
2021-11-05"
1637337253-1133,https://warframe.fandom.com/wiki/Baro_Ki'Teer,Eos Prime Chest Plate,"75,000 Credits 75,000 + 125 Ducats 125","2014-12-12
2015-02-20
2016-02-12
2016-07-15
2016-11-04
2017-03-10
2017-07-28
2017-12-01
2018-04-06
2018-07-27
2018-11-02
2019-02-22
2019-05-31
2019-09-27
2020-02-14
2020-06-19
2020-10-23
2021-03-12
2021-07-30"
1637337253-1289,https://warframe.fandom.com/wiki/Baro_Ki'Teer,Primed Expel Grineer,"140,000 Credits 140,000 + 350 Ducats 350","2018-10-05
2019-02-08
2019-06-28
2019-11-08
2020-04-24
2020-11-06
2021-06-04"
1637337253-1204,https://warframe.fandom.com/wiki/Baro_Ki'Teer,Ki'teer Leg Plates,"150,000 Credits 150,000 + 300 Ducats 300","2016-12-30
2017-05-19
2017-09-08
2017-12-15
2018-04-20
2018-08-10
2018-11-16
2018-11-30
2019-03-08
2019-06-28
2019-10-25
2020-03-13
2020-07-17
2020-12-04
2021-04-09
2021-08-13"
1637337253-1261,https://warframe.fandom.com/wiki/Baro_Ki'Teer,Thermite Rounds,"150,000 Credits 150,000 + 300 Ducats 300","2017-09-22
2018-02-09
2018-06-15
2018-11-02
2019-02-22
2019-06-14
2019-10-11
2020-03-27
2020-10-23
2021-05-07"
1637337253-1223,https://warframe.fandom.com/wiki/Baro_Ki'Teer,Ki'teer Solstice Syandana,"200,000 Credits 200,000 + 425 Ducats 425","2016-12-16
2017-12-01
2017-12-15
2017-12-29
2018-11-30
2018-12-14
2018-12-28
2019-12-06
2019-12-20
2020-12-04
2020-12-18"
1637337253-1249,https://warframe.fandom.com/wiki/Baro_Ki'Teer,Ki'teer,"300,000 Credits 300,000 + 150 Ducats 150","2017-02-10
2017-08-11
2017-12-15
2018-04-20
2018-08-10
2018-11-30
2019-03-08
2019-06-28
2019-11-08
2020-03-27
2020-08-14
2020-12-18
2021-06-04
2021-11-19"
1637337253-1163,https://warframe.fandom.com/wiki/Baro_Ki'Teer,Shell Shock,"150,000 Credits 150,000 + 300 Ducats 300","2015-05-29
2016-04-22
2016-08-26
2016-12-02
2017-04-07
2017-08-25
2017-12-29
2018-06-01
2018-10-19
2019-03-08
2019-07-19
2020-01-03
2020-08-14
2021-02-26
2021-10-22"
1637337253-1142,https://warframe.fandom.com/wiki/Baro_Ki'Teer,Tempo Royale,"175,000 Credits 175,000 + 385 Ducats 385","2015-10-16
2016-05-20
2016-09-23
2016-10-07
2017-01-27
2017-04-21
2017-09-08
2018-01-26
2018-06-29
2018-11-16
2019-03-22
2019-08-02
2019-11-22
2020-06-05
2020-11-20
2021-05-21"
1637337253-1255,https://warframe.fandom.com/wiki/Baro_Ki'Teer,Nexus Gene-Masking Kit,"300,000 Credits 300,000 + 200 Ducats 200","2017-03-10
2017-08-11
2017-12-29
2018-05-18
2018-09-07
2018-10-19
2019-02-08
2019-06-14
2019-09-27
2020-01-03
2020-04-24
2020-08-28
2020-12-18
2021-04-09
2021-09-10"
1637337253-1381,https://warframe.fandom.com/wiki/Baro_Ki'Teer,Prisma Lotus Emblem,"50,000 Credits 50,000 + 80 Ducats 80","2020-05-22
2020-10-23
2021-03-12
2021-07-30"
1637337253-1378,https://warframe.fandom.com/wiki/Baro_Ki'Teer,Prisma Lotus Sigil,"45,000 Credits 45,000 + 55 Ducats 55","2020-07-03
2020-12-18
2021-05-07
2021-09-24"
1637337253-1214,https://warframe.fandom.com/wiki/Baro_Ki'Teer,Scimitar Prisma Skin,"450,000 Credits 450,000 + 210 Ducats 210","2016-07-29
2016-12-16
2017-04-21
2017-08-25
2018-01-12
2018-06-15
2018-10-05
2019-02-08
2019-06-14
2020-01-03
2020-04-24
2020-09-25
2021-03-12
2021-08-27"
1637337253-1224,https://warframe.fandom.com/wiki/Baro_Ki'Teer,Ki'teer Chest Plate,"250,000 Credits 250,000 + 150 Ducats 150","2016-11-18
2017-03-24
2017-08-25
2017-12-15
2018-04-20
2018-08-10
2018-11-16
2018-11-30
2019-03-08
2019-06-28
2019-10-25
2020-03-13
2020-07-17
2020-12-04
2021-04-09
2021-08-13"
1637337253-1262,https://warframe.fandom.com/wiki/Baro_Ki'Teer,Ki'teer Sugatra,"250,000 Credits 250,000 + 250 Ducats 250","2017-01-13
2017-06-16
2017-11-17
2017-12-15
2018-03-23
2018-04-20
2018-08-24
2018-11-30
2019-03-08
2019-08-02
2019-11-22
2020-03-27
2020-07-31
2020-12-04
2021-04-23
2021-11-05"
1637337253-1299,https://warframe.fandom.com/wiki/Baro_Ki'Teer,Sonicor Elixis Skin,"175,000 Credits 175,000 + 380 Ducats 380","2018-02-09
2018-06-15
2018-11-02
2019-02-22
2019-06-14
2019-07-19
2019-09-27
2019-10-25
2020-02-28
2020-07-17
2020-12-04
2021-05-21
2021-09-24"
1637337253-1295,https://warframe.fandom.com/wiki/Baro_Ki'Teer,Axi A5 Relic,"55,000 Credits 55,000 + 125 Ducats 125","2018-11-16
2018-11-30
2018-12-14
2018-12-28
2019-01-11
2019-01-25
2020-08-28
2021-01-15
2021-06-04
2021-10-08"
1637337253-1375,https://warframe.fandom.com/wiki/Baro_Ki'Teer,Primed Cleanse Infested,"140,000 Credits 140,000 + 350 Ducats 350","2020-05-08
2020-12-04
2021-06-18"
1637337253-1324,https://warframe.fandom.com/wiki/Baro_Ki'Teer,Zylok,"200,000 Credits 200,000 + 500 Ducats 500","2019-08-30
2020-01-03
2020-05-08
2020-09-11
2021-01-29
2021-06-18
2021-10-22"
1637337253-1334,https://warframe.fandom.com/wiki/Baro_Ki'Teer,Mantis Cydonia Skin,"320,000 Credits 320,000 + 425 Ducats 425","2019-11-08
2020-03-13
2020-08-28
2021-02-12
2021-07-02
2021-11-05"
1637337253-1238,https://warframe.fandom.com/wiki/Baro_Ki'Teer,Kavat Sentinel Tail,"250,000 Credits 250,000 + 400 Ducats 400","2017-12-29
2018-04-20
2018-08-24
2018-12-14
2019-03-22
2019-04-19
2019-08-16
2019-12-20
2020-03-13
2020-07-03
2020-10-23
2021-03-26
2021-07-30"
1637337253-1267,https://warframe.fandom.com/wiki/Baro_Ki'Teer,Prisma Naberus,"140,000 Credits 140,000 + 220 Ducats 220","2017-10-20
2018-02-23
2018-06-15
2018-10-05
2019-01-25
2019-05-17
2019-10-11
2020-02-28
2020-07-03
2020-07-31
2021-01-01
2021-05-21
2021-11-19"
1637337253-1349,https://warframe.fandom.com/wiki/Baro_Ki'Teer,Dread Day of the Dead Skin,"275,000 Credits 275,000 + 300 Ducats 300","2019-10-11
2019-10-25
2020-10-09
2020-10-23
2021-10-08
2021-10-22"
1637337253-1206,https://warframe.fandom.com/wiki/Baro_Ki'Teer,Ki'teer Syandana,"500,000 Credits 500,000 + 500 Ducats 500","2016-04-08
2016-10-21
2017-01-27
2017-06-16
2017-10-20
2018-03-09
2018-07-13
2018-10-19
2019-02-22
2019-05-31
2019-09-13
2020-01-17
2020-05-08
2020-08-14
2020-12-18
2021-05-07
2021-09-10"
1637337253-1219,https://warframe.fandom.com/wiki/Baro_Ki'Teer,Ki'teer Shoulder Plates,"110,000 Credits 110,000 + 350 Ducats 350","2016-12-02
2017-05-05
2017-08-11
2017-12-15
2018-04-20
2018-08-10
2018-11-16
2018-11-30
2019-03-08
2019-06-28
2019-10-25
2020-03-13
2020-07-17
2020-12-04
2021-04-09
2021-08-13"
1637337253-1350,https://warframe.fandom.com/wiki/Baro_Ki'Teer,Machete Syachid Skin,"300,000 Credits 300,000 + 375 Ducats 375","2019-08-02
2019-11-22
2020-04-24
2020-08-28
2021-01-01
2021-04-23
2021-09-10"
1637337253-1174,https://warframe.fandom.com/wiki/Baro_Ki'Teer,Prisma Veritux,"150,000 Credits 150,000 + 550 Ducats 550","2015-02-06
2015-06-26
2015-11-13
2016-05-20
2016-08-26
2016-12-16
2017-04-07
2017-09-08
2018-01-26
2018-06-01
2018-10-19
2019-02-08
2019-05-31
2019-10-11
2020-02-14
2020-06-05
2020-10-23
2021-02-12
2021-07-02"
1637337253-1263,https://warframe.fandom.com/wiki/Baro_Ki'Teer,Scattering Inferno,"150,000 Credits 150,000 + 300 Ducats 300","2017-09-22
2018-02-09
2018-06-15
2018-11-02
2019-02-22
2019-06-14
2019-10-11
2020-03-27
2020-10-23
2021-04-23
2021-11-05"
1637337253-1211,https://warframe.fandom.com/wiki/Baro_Ki'Teer,Full Contact,"220,000 Credits 220,000 + 365 Ducats 365","2016-02-26
2016-07-29
2016-11-04
2017-03-10
2017-07-28
2017-12-01
2018-05-04
2018-09-21
2019-04-05
2019-08-16
2020-01-17
2020-08-28
2021-03-12
2021-11-05"
1637337253-1353,https://warframe.fandom.com/wiki/Baro_Ki'Teer,Primed Chamber,"1,000,000 Credits 1,000,000 + 2,995 Ducats 2,995",2020-02-14
1637337253-1195,https://warframe.fandom.com/wiki/Baro_Ki'Teer,Falcon Mod Pack,"50,000 Credits 50,000 + 250 Ducats 250","2016-07-15
2016-09-09
2016-10-21
2016-12-16
2017-03-10
2017-05-19
2017-12-29
2018-03-09
2018-10-05
2019-01-25"
1637337253-1257,https://warframe.fandom.com/wiki/Baro_Ki'Teer,Twin Grakatas Towsun Skin,"300,000 Credits 300,000 + 300 Ducats 300","2017-06-30
2017-11-17
2017-12-15
2018-01-26
2018-06-15
2018-11-16
2019-04-05
2019-08-16
2019-11-22
2020-04-10
2020-08-28
2021-01-01
2021-05-07
2021-08-27"
1637337253-1138,https://warframe.fandom.com/wiki/Baro_Ki'Teer,Primed Continuity,"100,000 Credits 100,000 + 350 Ducats 350","2014-12-12
2015-02-20
2015-11-27
2016-06-03
2016-11-04
2017-03-10
2017-07-14
2018-01-12
2018-06-15
2018-10-05
2019-01-25
2019-06-14
2019-10-25
2020-02-28
2020-07-31
2021-02-12
2021-08-27"
1637337253-1213,https://warframe.fandom.com/wiki/Baro_Ki'Teer,Mantis Prisma Skin,"375,000 Credits 375,000 + 230 Ducats 230","2016-09-23
2016-10-07
2017-01-27
2017-06-16
2017-11-17
2018-03-23
2018-07-27
2018-11-16
2019-03-08
2019-09-13
2020-02-28
2020-08-14
2021-01-01
2021-06-04
2021-10-08"
1637337253-1231,https://warframe.fandom.com/wiki/Baro_Ki'Teer,Ki'teer Solo Earpiece,"200,000 Credits 200,000 + 250 Ducats 250","2016-09-09
2016-12-16
2017-04-21
2017-09-08
2018-01-26
2018-05-04
2018-11-16
2019-02-08
2019-05-31
2019-10-25
2020-03-13
2020-06-19
2020-09-25
2021-01-29
2021-07-16
2021-10-08"
1637337253-1165,https://warframe.fandom.com/wiki/Baro_Ki'Teer,Primed Slip Magazine,"200,000 Credits 200,000 + 280 Ducats 280","2015-05-01
2015-08-07
2016-04-08
2016-09-09
2016-12-30
2017-05-19
2017-11-03
2018-03-23
2018-07-27
2018-12-28
2019-05-17
2019-09-27
2020-01-17
2020-06-05
2020-12-18
2021-05-07
2021-11-05"
1637337253-1252,https://warframe.fandom.com/wiki/Baro_Ki'Teer,Anpu Sugatra,"250,000 Credits 250,000 + 250 Ducats 250","2017-11-03
2018-03-09
2018-06-29
2018-11-16
2019-02-22
2019-06-28
2019-10-25
2020-02-14
2020-06-19
2020-10-23
2021-03-26
2021-07-30"
1637337253-1314,https://warframe.fandom.com/wiki/Baro_Ki'Teer,Paracesis Elixis Skin,"350,000 Credits 350,000 + 350 Ducats 350","2019-11-22
2020-03-27
2020-07-17
2020-11-20
2021-04-09
2021-08-13
2021-11-19"
1637337253-1340,https://warframe.fandom.com/wiki/Baro_Ki'Teer,Ignis Wraith,"250,000 Credits 250,000 + 550 Ducats 550","2019-01-25
2019-05-17
2019-09-13
2019-12-20
2020-05-08
2020-08-14
2020-11-20
2021-03-26
2021-07-30"
1637337253-1218,https://warframe.fandom.com/wiki/Baro_Ki'Teer,Zanuka Hunter Beacon,"125,000 Credits 125,000 + 200 Ducats 200","2016-02-12
2016-02-26
2016-04-08
2016-05-06
2016-06-03
2016-07-01
2016-07-29
2016-08-12
2016-10-21
2016-11-18
2017-01-13
2017-03-24
2017-06-16
2017-09-22
2017-12-29
2018-04-20
2018-08-10
2018-11-30
2019-02-08
2019-06-14
2019-10-11
2019-12-06
2020-02-14
2020-07-17
2020-11-20
2021-04-23
2021-09-10"
1637337253-1141,https://warframe.fandom.com/wiki/Baro_Ki'Teer,Right Prisma Daedalus Knee Plates,"75,000 Credits 75,000 + 65 Ducats 65","2015-05-15
2015-09-18
2016-04-22
2016-08-26
2017-01-13
2017-06-02
2017-10-06
2018-02-09
2018-06-01
2018-09-21
2018-12-28
2019-04-19
2019-08-02
2019-11-22
2019-12-06
2020-04-10
2020-08-14
2020-12-18
2021-04-23
2021-09-10"
1637337253-1243,https://warframe.fandom.com/wiki/Baro_Ki'Teer,Ki'teer Atmos Mask,"400,000 Credits 400,000 + 500 Ducats 500","2017-06-02
2017-10-20
2018-02-23
2018-07-27
2018-11-30
2019-03-08
2019-06-28
2019-11-22
2020-03-27
2020-04-24
2020-08-14
2020-12-04
2021-05-21
2021-09-24"
1637337253-1335,https://warframe.fandom.com/wiki/Baro_Ki'Teer,Primed Animal Instinct,"200,000 Credits 200,000 + 300 Ducats 300","2019-04-05
2019-08-16
2019-12-06
2020-07-03
2021-01-15
2021-07-30"
1637337253-1151,https://warframe.fandom.com/wiki/Baro_Ki'Teer,Prisma Dual Cleavers,"200,000 Credits 200,000 + 490 Ducats 490","2015-07-10
2015-11-27
2016-05-06
2016-09-09
2016-12-02
2017-06-02
2017-10-20
2018-03-09
2018-07-27
2018-11-30
2019-03-08
2019-08-30
2019-12-06
2020-04-10
2020-07-31
2020-12-18
2021-04-23
2021-09-10"
1637337253-1246,https://warframe.fandom.com/wiki/Baro_Ki'Teer,Axi A2 Relic,"45,000 Credits 45,000 + 50 Ducats 50","2017-01-27
2017-06-30
2017-11-17
2018-03-09
2018-06-29
2018-12-28
2019-05-03
2019-09-13
2019-12-20
2020-02-28
2020-05-22
2020-07-03
2020-11-06
2021-03-26
2021-08-13"
1637337253-1366,https://warframe.fandom.com/wiki/Baro_Ki'Teer,Chroma Immortal Skin,"100,000 Credits 100,000 + 550 Ducats 550","2020-08-28
2020-12-18
2021-05-07
2021-10-08"
1637337253-1239,https://warframe.fandom.com/wiki/Baro_Ki'Teer,Inaros Tomb Scene,"175,000 Credits 175,000 + 325 Ducats 325","2017-06-16
2017-11-03
2018-02-23
2018-07-13
2018-11-16
2019-02-22
2019-06-28
2019-11-08
2020-03-13
2020-03-27
2020-08-14
2021-01-01
2021-05-07
2021-09-24"
1637337253-1351,https://warframe.fandom.com/wiki/Baro_Ki'Teer,Glaring Emblem,"50,000 Credits 50,000 + 50 Ducats 50","2019-06-28
2019-12-06
2020-05-08
2020-09-25
2021-01-29
2021-07-16"
1637337253-1187,https://warframe.fandom.com/wiki/Baro_Ki'Teer,Primed Heavy Trauma,"100,000 Credits 100,000 + 350 Ducats 350","2015-01-09
2015-08-07
2016-03-11
2016-11-18
2017-03-24
2017-08-11
2017-12-15
2018-05-04
2019-04-05
2019-07-19
2019-11-08
2020-05-22
2020-12-04
2021-07-02"
1637337253-1328,https://warframe.fandom.com/wiki/Baro_Ki'Teer,Mesa Immortal Skin,"100,000 Credits 100,000 + 550 Ducats 550","2019-05-17
2019-10-11
2020-02-28
2020-07-03
2020-10-23
2021-02-26
2021-07-16
2021-11-19"
1637337253-1331,https://warframe.fandom.com/wiki/Baro_Ki'Teer,Bronze Kubrow Bust,"250,000 Credits 250,000 + 220 Ducats 220","2019-02-22
2019-06-14
2019-12-20
2020-05-22
2020-11-06
2021-05-21
2021-11-05"
1637337253-1160,https://warframe.fandom.com/wiki/Baro_Ki'Teer,Machete Wraith,"250,000 Credits 250,000 + 410 Ducats 410","2015-07-24
2016-04-08
2016-11-04
2017-01-27
2017-06-30
2017-12-01
2018-04-20
2018-09-07
2018-12-28
2019-04-19
2019-08-02
2019-11-08
2020-01-31
2020-05-22
2020-09-11
2021-01-29
2021-05-21
2021-11-05"
1637337253-1237,https://warframe.fandom.com/wiki/Baro_Ki'Teer,Ki'teer Tribute Glyph,"50,000 Credits 50,000 + 80 Ducats 80","2017-11-17
2018-03-23
2018-08-10
2018-11-30
2019-03-22
2019-08-02
2019-11-22
2020-03-27
2020-08-14
2021-01-15
2021-07-02"
1637337253-1341,https://warframe.fandom.com/wiki/Baro_Ki'Teer,Primed Pack Leader,"200,000 Credits 200,000 + 300 Ducats 300","2019-05-17
2019-08-16
2020-01-31
2020-06-19
2021-01-01
2021-07-02"
1637337253-1379,https://warframe.fandom.com/wiki/Baro_Ki'Teer,Combo Fury,"115,000 Credits 115,000 + 300 Ducats 300","2020-10-09
2021-03-12
2021-10-08"
1637337253-1221,https://warframe.fandom.com/wiki/Baro_Ki'Teer,Xiphos Prisma Skin,"400,000 Credits 400,000 + 220 Ducats 220","2016-08-26
2016-12-02
2017-04-07
2017-08-11
2017-12-29
2018-05-18
2018-09-21
2019-01-25
2019-05-17
2019-09-27
2020-02-14
2020-07-17
2020-12-04
2021-04-09
2021-09-24"
